NAME,POST_URL,TOKEN
AnimePahe_Shingeki_no_Kyojin_Eng_Dub_-_38_BD_720p_MTBB.mp4,https://kwik.cx/d/70ynXfopuxd1,Zaqnz1umb9AgYMzNuAhFgESefA4XUz9z1r0Uqv43
AnimePahe_Shingeki_no_Kyojin_Eng_Dub_-_39_BD_720p_MTBB.mp4,https://kwik.cx/d/5FNRvTxQyr3I,Zaqnz1umb9AgYMzNuAhFgESefA4XUz9z1r0Uqv43
AnimePahe_Shingeki_no_Kyojin_Eng_Dub_-_40_BD_720p_MTBB.mp4,https://kwik.cx/d/icJE0fFBYRJZ,Zaqnz1umb9AgYMzNuAhFgESefA4XUz9z1r0Uqv43
AnimePahe_Shingeki_no_Kyojin_Eng_Dub_-_41_BD_720p_MTBB.mp4,https://kwik.cx/d/cFRqJOz8y9rS,Zaqnz1umb9AgYMzNuAhFgESefA4XUz9z1r0Uqv43
AnimePahe_Shingeki_no_Kyojin_Eng_Dub_-_42_BD_720p_MTBB.mp4,https://kwik.cx/d/YOT4MdL6FZFh,Zaqnz1umb9AgYMzNuAhFgESefA4XUz9z1r0Uqv43
AnimePahe_Shingeki_no_Kyojin_Eng_Dub_-_43_BD_720p_MTBB.mp4,https://kwik.cx/d/hCq0egufS5Nk,Zaqnz1umb9AgYMzNuAhFgESefA4XUz9z1r0Uqv43
AnimePahe_Shingeki_no_Kyojin_Eng_Dub_-_44_BD_720p_MTBB.mp4,https://kwik.cx/d/zvXjtHhNw78A,Zaqnz1umb9AgYMzNuAhFgESefA4XUz9z1r0Uqv43
AnimePahe_Shingeki_no_Kyojin_Eng_Dub_-_45_BD_720p_MTBB.mp4,https://kwik.cx/d/s5nFkIWVfPyG,Zaqnz1umb9AgYMzNuAhFgESefA4XUz9z1r0Uqv43
AnimePahe_Shingeki_no_Kyojin_Eng_Dub_-_46_BD_720p_MTBB.mp4,https://kwik.cx/d/0pR6vCH6b64Z,Zaqnz1umb9AgYMzNuAhFgESefA4XUz9z1r0Uqv43
AnimePahe_Shingeki_no_Kyojin_Eng_Dub_-_47_BD_720p_MTBB.mp4,https://kwik.cx/d/sD7rGyGGbj9G,Zaqnz1umb9AgYMzNuAhFgESefA4XUz9z1r0Uqv43
